{
  "training_setting": {
    "stage": 2,
    "init_lr": 0.0001,
    "n_epoch": 40
  },
  "train_loss": [
    38.80917892456055,
    29.55681063334147,
    19.55563456217448,
    16.69547068277995,
    15.650589243570964,
    14.349249013264973,
    13.126099904378256,
    12.00588289896647,
    11.62445240020752,
    11.413310368855795,
    11.02878506978353,
    10.321208508809407,
    10.164219411214193,
    9.17219409942627,
    8.434161885579426,
    8.244513511657715,
    8.057150332132975,
    7.853649965922037,
    7.74621353149414,
    7.708866182963053,
    7.643464342753092,
    7.402063941955566,
    7.139921442667643,
    6.988803513844808,
    6.7984615961710615,
    6.673222923278809,
    6.5440670649210615,
    6.501528739929199,
    6.460341358184815,
    6.46962750752767,
    6.389597288767496,
    6.145129776000976,
    5.983360671997071,
    5.776105753580729,
    5.612631956736247,
    5.545389556884766,
    5.44719664255778,
    5.355843130747477,
    5.298855209350586,
    5.27232666015625
  ],
  "val_loss": [
    33.816932678222656,
    24.32485008239746,
    22.503045082092285,
    21.824807167053223,
    20.081403732299805,
    18.743184089660645,
    17.5051212310791,
    17.171266555786133,
    16.906291007995605,
    16.8604154586792,
    15.646492958068848,
    15.505523681640625,
    14.1895170211792,
    13.21059274673462,
    12.721858024597168,
    12.43232536315918,
    12.222610473632812,
    12.178649425506592,
    12.175451755523682,
    12.177641868591309,
    12.239315509796143,
    11.980283737182617,
    11.808439254760742,
    11.72527027130127,
    11.6911940574646,
    11.65516471862793,
    11.642833232879639,
    11.655128002166748,
    11.633416652679443,
    11.637984275817871,
    11.533774852752686,
    11.576065063476562,
    11.675377368927002,
    11.76281213760376,
    11.926187992095947,
    12.172816753387451,
    11.80304479598999,
    11.818440914154053,
    11.838973045349121,
    11.833585739135742
  ],
  "lr": [
    9.755527298894293e-05,
    9.046039886902862e-05,
    7.940987335200904e-05,
    6.548539886902863e-05,
    5.0050000000000004e-05,
    3.461460113097139e-05,
    2.069012664799097e-05,
    9.639601130971381e-06,
    2.544727011057081e-06,
    0.0001,
    9.755527298894293e-05,
    9.046039886902862e-05,
    7.940987335200904e-05,
    6.548539886902863e-05,
    5.0050000000000004e-05,
    3.461460113097139e-05,
    2.069012664799097e-05,
    9.639601130971381e-06,
    2.544727011057081e-06,
    0.0001,
    9.755527298894293e-05,
    9.046039886902862e-05,
    7.940987335200904e-05,
    6.548539886902863e-05,
    5.0050000000000004e-05,
    3.461460113097139e-05,
    2.069012664799097e-05,
    9.639601130971381e-06,
    2.544727011057081e-06,
    0.0001,
    9.755527298894293e-05,
    9.046039886902862e-05,
    7.940987335200904e-05,
    6.548539886902863e-05,
    5.0050000000000004e-05,
    3.461460113097139e-05,
    2.069012664799097e-05,
    9.639601130971381e-06,
    2.544727011057081e-06,
    0.0001
  ],
  "stage_time": 1754.885930776596,
  "best_val_loss": 11.533774852752686,
  "mIoU_base": 0.24636702239513397,
  "mAP_base": 0.0,
  "Top1_base": null,
  "mIoU_drop": 0.12645912170410156,
  "mAP_drop": null,
  "mIoU_stage2": 0.11990790069103241
}