{
  "training_setting": {
    "stage": 3,
    "init_lr": 0.0001,
    "n_epoch": 40
  },
  "train_loss": [
    2.72838134765625,
    2.042588297526042,
    1.7885772705078125,
    1.4614583333333333,
    1.2205087661743164,
    1.0111712137858073,
    0.8874255498250325,
    0.7972699483235677,
    0.7042273839314779,
    0.7278000513712565,
    0.5872541427612304,
    0.40693416595458987,
    0.2460017681121826,
    0.1740265130996704,
    0.13499446709950766,
    0.08471826314926148,
    0.08544633785883586,
    0.06029907663663228,
    0.05028712749481201,
    0.056772599617640175,
    0.04563347101211548,
    0.030589654048283895,
    0.0191019003589948,
    0.021593611439069113,
    0.01593966285387675,
    0.01474159707625707,
    0.008586351573467255,
    0.011499379575252534,
    0.018502840399742128,
    0.013011880218982697,
    0.008968252936999004,
    0.009935222069422404,
    0.0075395474831263225,
    0.004530949393908182,
    0.005171841382980347,
    0.005407473941644033,
    0.004504069189230601,
    0.003624650835990906,
    0.003386158247788747,
    0.006111996869246165
  ],
  "val_loss": [
    2.2425124645233154,
    1.9894604682922363,
    1.6459686160087585,
    1.4452259540557861,
    1.2317355871200562,
    1.1084001064300537,
    1.0261569023132324,
    0.9925690293312073,
    0.9866195023059845,
    0.9922880232334137,
    0.7804408371448517,
    0.7884781807661057,
    0.6401329338550568,
    0.5797995030879974,
    0.5785534679889679,
    0.557158812880516,
    0.5464938580989838,
    0.5359115749597549,
    0.5316220968961716,
    0.5298255532979965,
    0.4951626807451248,
    0.49582868814468384,
    0.5054172426462173,
    0.4927803874015808,
    0.4612165540456772,
    0.4437984973192215,
    0.43773069977760315,
    0.43642914295196533,
    0.43652257323265076,
    0.43463991582393646,
    0.4586966335773468,
    0.4748229682445526,
    0.4552922993898392,
    0.45360928773880005,
    0.44886812567710876,
    0.4469754695892334,
    0.4547124058008194,
    0.45920373499393463,
    0.45918796956539154,
    0.4610503613948822
  ],
  "lr": [
    9.755527298894293e-05,
    9.046039886902862e-05,
    7.940987335200904e-05,
    6.548539886902863e-05,
    5.0050000000000004e-05,
    3.461460113097139e-05,
    2.069012664799097e-05,
    9.639601130971381e-06,
    2.544727011057081e-06,
    0.0001,
    9.755527298894293e-05,
    9.046039886902862e-05,
    7.940987335200904e-05,
    6.548539886902863e-05,
    5.0050000000000004e-05,
    3.461460113097139e-05,
    2.069012664799097e-05,
    9.639601130971381e-06,
    2.544727011057081e-06,
    0.0001,
    9.755527298894293e-05,
    9.046039886902862e-05,
    7.940987335200904e-05,
    6.548539886902863e-05,
    5.0050000000000004e-05,
    3.461460113097139e-05,
    2.069012664799097e-05,
    9.639601130971381e-06,
    2.544727011057081e-06,
    0.0001,
    9.755527298894293e-05,
    9.046039886902862e-05,
    7.940987335200904e-05,
    6.548539886902863e-05,
    5.0050000000000004e-05,
    3.461460113097139e-05,
    2.069012664799097e-05,
    9.639601130971381e-06,
    2.544727011057081e-06,
    0.0001
  ],
  "stage_time": 1103.5566692352295,
  "best_val_loss": 0.43463991582393646,
  "mIoU_base": 0.24636702239513397,
  "mAP_base": 0.0,
  "Top1_base": 0.85,
  "mIoU_drop": 0.18765711784362793,
  "mAP_drop": 0.0,
  "mIoU_stage3": 0.05870990455150604,
  "mAP_stage3": 0.0
}