{
  "training_setting": {
    "stage": 1,
    "init_lr": 0.0001,
    "n_epoch": 40
  },
  "train_loss": [
    2.755101155834038,
    1.8083015650260348,
    1.3682363393927823,
    1.2121034099274324,
    1.1422797812133276,
    1.1026104448222314,
    1.0926268090720939,
    1.074928474025566,
    1.069597939483258,
    1.0617201513602954,
    1.0523919087498128,
    1.0106956037152715,
    0.9755430161452093,
    0.9369981429156136,
    0.8987307839032983,
    0.8751772251449713,
    0.861057626600025,
    0.8466536337588014,
    0.8359001965081992,
    0.8366863326866085,
    0.8124901176500721,
    0.7694661637314227,
    0.7197253839308474,
    0.6729845089070937,
    0.6322661157415694,
    0.6102991700172424,
    0.5849991520913709,
    0.564080805838609,
    0.5575690039065706,
    0.553887489463101,
    0.5419005586319611,
    0.5117764916239667,
    0.49089359285450784,
    0.4424774246055539,
    0.4109436879638864,
    0.39772453278052705,
    0.3663126821277522,
    0.3587837644985744,
    0.34547491734769165,
    0.3538223993377525
  ],
  "val_loss": [
    2.5368343591690063,
    1.6091076731681824,
    1.418300747871399,
    1.2467162013053894,
    1.0738941133022308,
    1.0034382045269012,
    0.9782173335552216,
    0.9690515995025635,
    0.9651675820350647,
    0.9642193615436554,
    0.9422188699245453,
    0.927643209695816,
    0.907733827829361,
    0.8844762444496155,
    0.8730696737766266,
    0.8541674613952637,
    0.841623842716217,
    0.8342655003070831,
    0.830692708492279,
    0.828675389289856,
    0.7995897233486176,
    0.8108782768249512,
    0.7330940365791321,
    0.7397414445877075,
    0.6806271076202393,
    0.6852511912584305,
    0.661300927400589,
    0.6524299085140228,
    0.6480614989995956,
    0.646139457821846,
    0.6184588521718979,
    0.728683739900589,
    0.5990061312913895,
    0.577187106013298,
    0.5541817247867584,
    0.5692510902881622,
    0.5462879538536072,
    0.5431366264820099,
    0.5418341308832169,
    0.5406478643417358
  ],
  "lr": [
    9.755527298894293e-05,
    9.046039886902862e-05,
    7.940987335200904e-05,
    6.548539886902863e-05,
    5.0050000000000004e-05,
    3.461460113097139e-05,
    2.069012664799097e-05,
    9.639601130971381e-06,
    2.544727011057081e-06,
    0.0001,
    9.755527298894293e-05,
    9.046039886902862e-05,
    7.940987335200904e-05,
    6.548539886902863e-05,
    5.0050000000000004e-05,
    3.461460113097139e-05,
    2.069012664799097e-05,
    9.639601130971381e-06,
    2.544727011057081e-06,
    0.0001,
    9.755527298894293e-05,
    9.046039886902862e-05,
    7.940987335200904e-05,
    6.548539886902863e-05,
    5.0050000000000004e-05,
    3.461460113097139e-05,
    2.069012664799097e-05,
    9.639601130971381e-06,
    2.544727011057081e-06,
    0.0001,
    9.755527298894293e-05,
    9.046039886902862e-05,
    7.940987335200904e-05,
    6.548539886902863e-05,
    5.0050000000000004e-05,
    3.461460113097139e-05,
    2.069012664799097e-05,
    9.639601130971381e-06,
    2.544727011057081e-06,
    0.0001
  ],
  "stage_time": 1132.5653290748596,
  "best_val_loss": 0.5406478643417358,
  "mIoU_base": 0.24636702239513397,
  "mAP_base": null,
  "Top1_base": null,
  "mIoU_drop": null,
  "mAP_drop": null
}