{
  "training_setting": {
    "stage": 1,
    "init_lr": 1e-05,
    "n_epoch": 120
  },
  "train_loss": [
    3.051186856101541,
    2.9207708615214885,
    2.73977362809061,
    2.489524911431705,
    2.209584292243509,
    1.948272879384145,
    1.7659684960581676,
    1.639135548046657,
    1.5568627820295446,
    1.517207050523838,
    1.482052279119732,
    1.4617128141787874,
    1.4549442599801456,
    1.4454435801305692,
    1.4418204742319443,
    1.409436060600922,
    1.345364873148814,
    1.3034479628090097,
    1.2682285619383098,
    1.2382927632131497,
    1.2151541749970252,
    1.19183454994394,
    1.1718729874667,
    1.1660053649870288,
    1.1580294410721594,
    1.1554377549836616,
    1.1522295720436995,
    1.1428541305686246,
    1.1422617385367386,
    1.134035045359315,
    1.1310280030515014,
    1.12085838077449,
    1.0942245691764254,
    1.0843117697900082,
    1.0706073716908944,
    1.0638485876452022,
    1.046119098903752,
    1.0478888128985877,
    1.041869976941277,
    1.031769348793671,
    1.0257502383544665,
    1.0216122154428178,
    1.0252649583736388,
    1.0182189420491707,
    1.0196979366430716,
    1.0128553970521237,
    0.998926240856908,
    0.9896212686009768,
    0.9801033219369519,
    0.967154039555237,
    0.9522039174031811,
    0.9423689847232914,
    0.93533921442112,
    0.9259317897948898,
    0.9114585874461326,
    0.9204401629311698,
    0.9173815656109017,
    0.9126151033810207,
    0.9087804475752246,
    0.908621228041769,
    0.9085884600126443,
    0.885070960060889,
    0.8819372153081814,
    0.8666011691093445,
    0.8562159007336912,
    0.849779007314634,
    0.8525453249947363,
    0.8397333992629492,
    0.8407728091007521,
    0.833637810554825,
    0.8197524567612079,
    0.8168783313086053,
    0.824907956003141,
    0.8060809654348037,
    0.8145442199306328,
    0.8120074006689697,
    0.794697039267596,
    0.7922263956871354,
    0.7905441367325663,
    0.7776361268107631,
    0.7662496015805156,
    0.7678768719945636,
    0.75558046583368,
    0.744045243543737,
    0.7499800850363338,
    0.7388034728394837,
    0.7544927326571039,
    0.7400445702697048,
    0.7455998443755782,
    0.7410686832516133,
    0.7307695450902987,
    0.7163818638865688,
    0.7165571721661993,
    0.6960191255857965,
    0.6974579276157027,
    0.6975688208051088,
    0.6844613702357316,
    0.6802822256288609,
    0.6687266886735163,
    0.6629095388059857,
    0.6658636371628577,
    0.6616073070453996,
    0.6694713815921495,
    0.6561347551706458,
    0.6615653774317574,
    0.654260341860667,
    0.6480156769271658,
    0.6421283753980108,
    0.6282367185384286,
    0.6183393807972178,
    0.6227432294052189,
    0.608274336372103,
    0.6117549233075952,
    0.5919951080274182,
    0.6113877266394991,
    0.6001301763438377,
    0.5956656214068917,
    0.5852510663641601,
    0.5967964009076607,
    0.5906236797821622
  ],
  "val_loss": [
    3.0117982029914856,
    2.8189233541488647,
    2.528926372528076,
    2.208317518234253,
    1.9416216015815735,
    1.7589524984359741,
    1.619722992181778,
    1.5197704136371613,
    1.4496643543243408,
    1.3987438082695007,
    1.3650606274604797,
    1.347623884677887,
    1.3390472829341888,
    1.3305264115333557,
    1.3270067274570465,
    1.2788413166999817,
    1.223290741443634,
    1.1812506020069122,
    1.1496710926294327,
    1.1234509944915771,
    1.102381482720375,
    1.090065285563469,
    1.075552150607109,
    1.0676356703042984,
    1.0620580166578293,
    1.0574676096439362,
    1.0540632009506226,
    1.0529698729515076,
    1.0512578934431076,
    1.0513900071382523,
    1.0381713211536407,
    1.0253405272960663,
    1.0125422328710556,
    1.0022712349891663,
    0.9934357851743698,
    0.9855426549911499,
    0.980730727314949,
    0.9749370217323303,
    0.9709432125091553,
    0.9677968323230743,
    0.96650330722332,
    0.9645574539899826,
    0.9632166922092438,
    0.9630580842494965,
    0.9621279090642929,
    0.9534347057342529,
    0.9438522011041641,
    0.9347056001424789,
    0.9271128326654434,
    0.9177383631467819,
    0.9093942940235138,
    0.9038961082696915,
    0.8994388431310654,
    0.8944786638021469,
    0.89082470536232,
    0.8881892710924149,
    0.8870873600244522,
    0.8874902725219727,
    0.8862343430519104,
    0.8856790959835052,
    0.8772051185369492,
    0.8673792779445648,
    0.8601174056529999,
    0.853544682264328,
    0.8443850725889206,
    0.8396584093570709,
    0.8347019404172897,
    0.8305360972881317,
    0.8290410339832306,
    0.8264216184616089,
    0.824461817741394,
    0.8233845829963684,
    0.8231551945209503,
    0.8233304470777512,
    0.8228256553411484,
    0.8157178312540054,
    0.8110471069812775,
    0.8037388771772385,
    0.7980062961578369,
    0.7954371720552444,
    0.788263201713562,
    0.7838953584432602,
    0.7820690721273422,
    0.7774349898099899,
    0.7767201513051987,
    0.7738491743803024,
    0.7720954567193985,
    0.7719674408435822,
    0.7712495476007462,
    0.7719943821430206,
    0.7658208161592484,
    0.7595248967409134,
    0.753155305981636,
    0.7480534017086029,
    0.743654415011406,
    0.7389648780226707,
    0.7353682667016983,
    0.7328546941280365,
    0.728836677968502,
    0.7268495038151741,
    0.7249078527092934,
    0.7227447628974915,
    0.7225894927978516,
    0.7228952720761299,
    0.7231108620762825,
    0.7173201590776443,
    0.7130002751946449,
    0.7069983407855034,
    0.6992985010147095,
    0.6957462579011917,
    0.6922086551785469,
    0.6887289807200432,
    0.685497596859932,
    0.6834137365221977,
    0.6810649260878563,
    0.6810833066701889,
    0.6803955361247063,
    0.6790420264005661,
    0.6786176338791847,
    0.678569570183754
  ],