{
  "training_setting": {
    "stage": 1,
    "init_lr": 0.001,
    "n_epoch": 10
  },
  "train_loss": [
    1.4398622242342525,
    1.1156143405858208,
    1.0127743091903816,
    0.9248696881182054,
    0.8575704227976438,
    0.8081151737886316,
    0.7590711833048267,
    0.7058064977661902,
    0.6594056877769342,
    0.6416332536384839
  ],
  "val_loss": [
    1.0498217195272446,
    1.284444436430931,
    1.0871539562940598,
    0.9365323707461357,
    0.9144045934081078,
    0.8456971272826195,
    0.8321521058678627,
    0.7890195250511169,
    0.7776809372007847,
    0.7653835378587246
  ],
  "lr": [
    0.000975530705321762,
    0.0009045180463377549,
    0.0007939132368836219,
    0.0006545430463377549,
    0.0005000499999999999,
    0.00034555695366224505,
    0.0002061867631163781,
    9.558195366224507e-05,
    2.456929467823799e-05,
    0.001
  ],
  "stage_time": 240.5165615081787,
  "best_val_loss": 0.7653835378587246,
  "mIoU_base": 0.12695901095867157,
  "mAP_base": null,
  "Top1_base": null,
  "mIoU_drop": null,
  "mAP_drop": null
}