{
  "training_setting": {
    "stage": 3,
    "init_lr": 0.001,
    "n_epoch": 10
  },
  "train_loss": [
    2.214599609375,
    2.0191975911458333,
    1.6022369384765625,
    1.4914822896321616,
    1.1822924772898356,
    0.9626416742801667,
    0.8719444115956624,
    0.691619869073232,
    0.6044270475705464,
    0.5806453029314677
  ],
  "val_loss": [
    2.964817151427269,
    2.3840809017419815,
    2.615104168653488,
    2.1879446133971214,
    2.1916902381926775,
    1.5363987758755684,
    1.3884599059820175,
    1.2958037555217743,
    1.218808725476265,
    1.2116732895374298
  ],
  "lr": [
    0.000975530705321762,
    0.0009045180463377549,
    0.0007939132368836219,
    0.0006545430463377549,
    0.0005000499999999999,
    0.00034555695366224505,
    0.0002061867631163781,
    9.558195366224507e-05,
    2.456929467823799e-05,
    0.001
  ],
  "stage_time": 233.89096307754517,
  "best_val_loss": 1.2116732895374298,
  "mIoU_base": 0.12695901095867157,
  "mAP_base": 0.0,
  "Top1_base": 0.6,
  "mIoU_drop": 0.10866042040288448,
  "mAP_drop": 0.0,
  "mIoU_stage3": 0.018298590555787086,
  "mAP_stage3": 0.0
}