{
  "training_setting": {
    "stage": 2,
    "init_lr": 0.001,
    "n_epoch": 10
  },
  "train_loss": [
    18.06777359644572,
    8.04064789613088,
    7.446921984354655,
    6.931221659978231,
    6.242651983102163,
    5.848262111345927,
    5.509537736574809,
    5.099549428621928,
    4.776753330230713,
    4.611431785424551
  ],
  "val_loss": [
    13.132178246974945,
    12.251647114753723,
    12.754332780838013,
    13.570977509021759,
    14.203940868377686,
    17.99510085582733,
    19.41439414024353,
    18.71254199743271,
    19.898080468177795,
    19.791435718536377
  ],
  "lr": [
    0.000975530705321762,
    0.0009045180463377549,
    0.0007939132368836219,
    0.0006545430463377549,
    0.0005000499999999999,
    0.00034555695366224505,
    0.0002061867631163781,
    9.558195366224507e-05,
    2.456929467823799e-05,
    0.001
  ],
  "stage_time": 359.41677236557007,
  "best_val_loss": 12.251647114753723,
  "mIoU_base": 0.12695901095867157,
  "mAP_base": 0.0,
  "Top1_base": null,
  "mIoU_drop": 0.09824950993061066,
  "mAP_drop": null,
  "mIoU_stage2": 0.028709501028060913
}