{
  "training_setting": {
    "stage": 1,
    "init_lr": 1e-05,
    "n_epoch": 120
  },
  "train_loss": [
    3.1150278764612533,
    3.1017958056025146,
    3.076638283849764,
    3.036630045466062,
    2.9888315982177476,
    2.9564236532740233,
    2.932585650131482,
    2.923107878500674,
    2.9204117450393547,
    2.910725220912645,
    2.8966370951227782,
    2.873105203404146,
    2.8527867393333373,
    2.8412900912661514,
    2.832737692263948,
    2.8271435148575725,
    2.8244198650873007,
    2.8201091630118236,
    2.80603623991253,
    2.7943162256930054,
    2.783215636966609,
    2.783805232088105,
    2.785451552447151,
    2.780847811899265,
    2.7787586821227515,
    2.7741498165771743,
    2.76932445293715,
    2.7635462744897152,
    2.756840090791718,
    2.758860069162705,
    2.757540552556014,
    2.7545610816538835,
    2.755780197993046,
    2.7507084938658384,
    2.7498740168178784,
    2.7468494747867105,
    2.746957574571882,
    2.742309323879851,
    2.746696353960438,
    2.7398823229204705,
    2.7394297904327134,
    2.7405450945140934,
    2.742809461946247,
    2.7408568478432023,
    2.7407094350382057,
    2.7367803108792343,
    2.7349575908244157,
    2.7392113769755646,
    2.7411220213946175,
    2.738418721351303,
    2.7371678432496656,
    2.732353224473841,
    2.735884993016219,
    2.7300092512819947,
    2.733591941224427,
    2.7345504420144215,
    2.731990545737643,
    2.7355698457285134,
    2.734070435291579,
    2.7350178946967887,
    2.735798204646391,
    2.7342343771157145,
    2.7315158683712744,
    2.7344980440219913,
    2.7363500695268645,
    2.735433604536938,
    2.7311255030271386,
    2.7358067776976513,
    2.7289261898072827,
    2.7314297311446247,
    2.7324969067293057,
    2.72850893725868,
    2.7330771153714477,
    2.7330833022333993,
    2.733421475947404,
    2.729230389875524,
    2.729708539337671,
    2.7334676269723586,
    2.7271557134740494,
    2.7299020090023007,
    2.73001096629295,
    2.7301020401866496,
    2.732664018118081,
    2.734031350672746,
    2.726133252392296,
    2.727948871981196,
    2.7296978906423104,
    2.730734258138833,
    2.726713701456535,
    2.730854348976071,
    2.727516697234466,
    2.7352272803042115,
    2.7327559735594678,
    2.7334287407017555,
    2.7277590707570565,
    2.7277431167474315,
    2.7270025866372243,
    2.7337650411269245,
    2.730511248612604,
    2.73159700882535,
    2.7365921325042466,
    2.7321624295050357,
    2.730187792737945,
    2.733619816163007,
    2.7291332513344386,
    2.7299019408827068,
    2.7284038748059953,
    2.727454916769717,
    2.7350009589636026,
    2.7257590173673227,
    2.7278616448410418,
    2.7263814862034903,
    2.7293857927081966,
    2.73113209459962,
    2.730088935178869,
    2.730790130230559,
    2.7313697498385645,
    2.7274601499573525,
    2.728220721252826,
    2.7284426128163055
  ],
  "val_loss": [
    3.104850113391876,
    3.107461452484131,
    3.0884523391723633,
    3.0554893612861633,
    3.0149447917938232,
    2.9796595573425293,
    2.957401156425476,
    2.9461557865142822,
    2.93858003616333,
    2.9300199151039124,
    2.916156530380249,
    2.8943377137184143,
    2.8742825984954834,
    2.859485626220703,
    2.8528472185134888,
    2.8431477546691895,
    2.841383934020996,
    2.835033655166626,
    2.823746085166931,
    2.816862106323242,
    2.8048839569091797,
    2.7987346053123474,
    2.797256588935852,
    2.7930912375450134,
    2.791248083114624,
    2.7896202206611633,
    2.780188262462616,
    2.77734911441803,
    2.7723196744918823,
    2.7721575498580933,
    2.7726513743400574,
    2.77166748046875,
    2.7685413360595703,
    2.7658979892730713,
    2.7637616991996765,
    2.7614083290100098,
    2.759876072406769,
    2.757827043533325,
    2.7571106553077698,
    2.755937695503235,
    2.756484806537628,
    2.7572049498558044,
    2.752460300922394,
    2.751820385456085,
    2.7483054995536804,
    2.751700758934021,
    2.7495663166046143,
    2.7501986026763916,
    2.750754177570343,
    2.7481518387794495,
    2.7452087998390198,
    2.747705042362213,
    2.747761905193329,
    2.746863842010498,
    2.7463080883026123,
    2.744721293449402,
    2.74361389875412,
    2.7422764897346497,
    2.7449002265930176,
    2.7456418871879578,
    2.744398057460785,
    2.7471871376037598,
    2.743638515472412,
    2.7440025210380554,
    2.7457399368286133,
    2.7431125044822693,
    2.7428240180015564,
    2.7419657111167908,
    2.7439523935317993,
    2.74479341506958,
    2.744375228881836,
    2.7432647943496704,
    2.742866039276123,
    2.7429932951927185,
    2.7423778772354126,
    2.7426148056983948,
    2.7434180974960327,
    2.7417505383491516,
    2.741895079612732,
    2.740277886390686,
    2.741596043109894,
    2.7437081336975098,
    2.7461296916007996,
    2.7422799468040466,
    2.7438334226608276,
    2.743765890598297,
    2.742125689983368,
    2.741617798805237,
    2.741506278514862,
    2.7425366640090942,
    2.743256092071533,
    2.7403199672698975,
    2.7396718859672546,
    2.7418280839920044,
    2.74203360080719,
    2.743066370487213,
    2.742241621017456,
    2.741929352283478,
    2.7413381934165955,
    2.742915153503418,
    2.7406007051467896,
    2.737994134426117,
    2.7410253286361694,
    2.74148827791214,
    2.7379539608955383,
    2.7413192987442017,
    2.740801751613617,
    2.7416539192199707,
    2.7429134845733643,
    2.7431206703186035,
    2.7402095794677734,
    2.742712438106537,
    2.7424981594085693,
    2.7429636120796204,
    2.741565465927124,
    2.7416303157806396,
    2.7416818737983704,
    2.741565763950348,
    2.7400914430618286,
    2.740691602230072
  ],